{
    "@context": "/api/3/contexts/SystemViewTemplate",
    "@type": "SystemViewTemplate",
    "type": "rows",
    "config": {
        "rows": [
            {
                "columns": [
                    {
                        "widgets": [
                            {
                                "type": "primaryDetail",
                                "config": {
                                    "wid": "bf85f634-4065-46f5-9860-b7fd4b9269ab",
                                    "idField": "id",
                                    "picklistFieldReadOnly": false,
                                    "titleFieldReadOnly": true,
                                    "featuredRelationship": {
                                        "field": null,
                                        "preText": "",
                                        "query": null,
                                        "statusField": null,
                                        "sort": []
                                    },
                                    "titleField": "report_id"
                                }
                            },
                            {
                                "type": "editableFormGroup",
                                "config": {
                                    "wid": "89cc12be-c553-4c3e-8d5e-5f2d55a6ba7c",
                                    "rows": [
                                        {
                                            "columns": [
                                                {
                                                    "fields": [
                                                        {
                                                            "name": "report_id",
                                                            "highlightMode": true,
                                                            "readOnly": false,
                                                            "linky": true
                                                        },
                                                        {
                                                            "name": "report_period",
                                                            "highlightMode": true,
                                                            "readOnly": false,
                                                            "linky": true
                                                        },
                                                        {
                                                            "name": "overall_compliance_percent",
                                                            "highlightMode": true,
                                                            "readOnly": false,
                                                            "linky": true
                                                        },
                                                        {
                                                            "name": "l1_compliance_percent",
                                                            "highlightMode": true,
                                                            "readOnly": false,
                                                            "linky": true
                                                        },
                                                        {
                                                            "name": "l2_compliance_percent",
                                                            "highlightMode": true,
                                                            "readOnly": false,
                                                            "linky": true
                                                        },
                                                        {
                                                            "name": "total_devices_scanned",
                                                            "highlightMode": true,
                                                            "readOnly": false,
                                                            "linky": true
                                                        },
                                                        {
                                                            "name": "devices_compliant",
                                                            "highlightMode": true,
                                                            "readOnly": false,
                                                            "linky": true
                                                        },
                                                        {
                                                            "name": "critical_findings",
                                                            "highlightMode": true,
                                                            "readOnly": false,
                                                            "linky": true
                                                        },
                                                        {
                                                            "name": "report_content",
                                                            "highlightMode": true,
                                                            "readOnly": false,
                                                            "linky": true
                                                        },
                                                        {
                                                            "name": "generated_by",
                                                            "highlightMode": true,
                                                            "readOnly": false,
                                                            "linky": true
                                                        },
                                                        {
                                                            "name": "generated_at",
                                                            "highlightMode": true,
                                                            "readOnly": false,
                                                            "linky": true
                                                        }
                                                    ],
                                                    "style": "col-lg-12"
                                                }
                                            ],
                                            "style": ""
                                        }
                                    ],
                                    "title": "Details"
                                }
                            }
                        ],
                        "style": "col-lg-9"
                    },
                    {
                        "widgets": [
                            {
                                "type": "editableFormGroup",
                                "config": {
                                    "wid": "28e82364-06e0-4db2-a4af-731a0b46d24d",
                                    "rows": [
                                        {
                                            "columns": [
                                                {
                                                    "fields": [
                                                        {
                                                            "name": "createDate",
                                                            "highlightMode": true,
                                                            "readOnly": false,
                                                            "linky": true
                                                        },
                                                        {
                                                            "name": "modifyDate",
                                                            "highlightMode": true,
                                                            "readOnly": false,
                                                            "linky": true
                                                        },
                                                        {
                                                            "name": "createUser",
                                                            "highlightMode": true,
                                                            "readOnly": false,
                                                            "linky": true
                                                        },
                                                        {
                                                            "name": "modifyUser",
                                                            "highlightMode": true,
                                                            "readOnly": false,
                                                            "linky": true
                                                        }
                                                    ],
                                                    "style": "col-lg-12"
                                                }
                                            ],
                                            "style": "display-inline-block"
                                        }
                                    ],
                                    "title": ""
                                }
                            }
                        ],
                        "style": "col-lg-3"
                    }
                ],
                "wid": "79970fc5-8445-4d29-a763-396962c5853b",
                "_collapsed": false,
                "collapsible": false,
                "collapsibleIndex": 0
            }
        ],
        "wid": "421ff9c2-33a4-4ead-82c3-ee2e5bdbadcd",
        "actionButtons": [],
        "metadata": []
    },
    "uuid": "modules-compliance_report-detail"
}