{
    "@context": "/api/3/contexts/StagingModelMetadata",
    "@type": "StagingModelMetadata",
    "type": "compliance_finding",
    "parentType": null,
    "tableName": "compliance_finding",
    "ownable": true,
    "userOwnable": true,
    "queueable": true,
    "trackable": true,
    "taggable": true,
    "peerReplicable": true,
    "defaultSort": [],
    "uniqueConstraint": [
        {
            "compliance_finding_unique": {
                "columns": [
                    "finding_id"
                ]
            }
        }
    ],
    "indexable": true,
    "writable": true,
    "attributes": [
        {
            "@type": "AttributeMetadata",
            "type": "string",
            "name": "finding_id",
            "length": null,
            "orderIndex": 1,
            "formType": "text",
            "dataSource": null,
            "searchable": true,
            "peerReplicable": true,
            "system": false,
            "encrypted": false,
            "gridColumn": false,
            "collection": false,
            "inversedField": null,
            "ownsRelationship": false,
            "validation": {
                "required": true,
                "minlength": 0,
                "maxlength": 10485761,
                "_enableRange": false
            },
            "bulkAction": {
                "allow": false,
                "buttonText": "",
                "buttonIcon": "",
                "buttonClass": "btn btn-default btn-sm"
            },
            "dataSourceFilters": null,
            "defaultValue": null,
            "tooltip": null,
            "visibility": true,
            "htmlEscape": false,
            "orphanRemoval": null,
            "readable": true,
            "writeable": true,
            "identifier": null,
            "unique": true,
            "recommend": false,
            "skipSerialization": false,
            "displayName": "{{ finding_id }}",
            "descriptions": {
                "singular": "Finding ID"
            }
        },
        {
            "@type": "AttributeMetadata",
            "type": "compliance_assessment_run",
            "name": "assessment_run",
            "length": null,
            "orderIndex": 2,
            "formType": "lookup",
            "dataSource": {
                "model": "compliance_assessment_run"
            },
            "searchable": false,
            "peerReplicable": true,
            "system": false,
            "encrypted": false,
            "gridColumn": false,
            "collection": false,
            "inversedField": null,
            "ownsRelationship": false,
            "validation": {
                "required": false,
                "minlength": 0,
                "maxlength": 10485761,
                "_enableRange": false
            },
            "bulkAction": {
                "allow": false,
                "buttonText": "",
                "buttonIcon": "",
                "buttonClass": "btn btn-default btn-sm"
            },
            "dataSourceFilters": null,
            "defaultValue": null,
            "tooltip": null,
            "visibility": true,
            "htmlEscape": false,
            "orphanRemoval": null,
            "readable": true,
            "writeable": true,
            "identifier": null,
            "unique": false,
            "recommend": false,
            "skipSerialization": false,
            "displayName": "{{ assessment_run }}",
            "descriptions": {
                "singular": "Assessment Run"
            }
        },
        {
            "@type": "AttributeMetadata",
            "type": "configuration",
            "name": "configuration",
            "length": null,
            "orderIndex": 3,
            "formType": "lookup",
            "dataSource": {
                "model": "configuration"
            },
            "searchable": false,
            "peerReplicable": true,
            "system": false,
            "encrypted": false,
            "gridColumn": false,
            "collection": false,
            "inversedField": null,
            "ownsRelationship": false,
            "validation": {
                "required": false,
                "minlength": 0,
                "maxlength": 10485761,
                "_enableRange": false
            },
            "bulkAction": {
                "allow": false,
                "buttonText": "",
                "buttonIcon": "",
                "buttonClass": "btn btn-default btn-sm"
            },
            "dataSourceFilters": null,
            "defaultValue": null,
            "tooltip": null,
            "visibility": true,
            "htmlEscape": false,
            "orphanRemoval": null,
            "readable": true,
            "writeable": true,
            "identifier": null,
            "unique": false,
            "recommend": false,
            "skipSerialization": false,
            "displayName": "{{ configuration }}",
            "descriptions": {
                "singular": "Configuration"
            }
        },
        {
            "@type": "AttributeMetadata",
            "type": "cis_benchmark_rule",
            "name": "cis_rule",
            "length": null,
            "orderIndex": 4,
            "formType": "lookup",
            "dataSource": {
                "model": "cis_benchmark_rule"
            },
            "searchable": false,
            "peerReplicable": true,
            "system": false,
            "encrypted": false,
            "gridColumn": false,
            "collection": false,
            "inversedField": null,
            "ownsRelationship": false,
            "validation": {
                "required": false,
                "minlength": 0,
                "maxlength": 10485761,
                "_enableRange": false
            },
            "bulkAction": {
                "allow": false,
                "buttonText": "",
                "buttonIcon": "",
                "buttonClass": "btn btn-default btn-sm"
            },
            "dataSourceFilters": null,
            "defaultValue": null,
            "tooltip": null,
            "visibility": true,
            "htmlEscape": false,
            "orphanRemoval": null,
            "readable": true,
            "writeable": true,
            "identifier": null,
            "unique": false,
            "recommend": false,
            "skipSerialization": false,
            "displayName": "{{ cis_rule }}",
            "descriptions": {
                "singular": "CIS Rule"
            }
        },
        {
            "@type": "AttributeMetadata",
            "type": "string",
            "name": "actual_value",
            "length": null,
            "orderIndex": 5,
            "formType": "textarea",
            "dataSource": null,
            "searchable": true,
            "peerReplicable": true,
            "system": false,
            "encrypted": false,
            "gridColumn": false,
            "collection": false,
            "inversedField": null,
            "ownsRelationship": false,
            "validation": {
                "required": false,
                "minlength": 0,
                "maxlength": 10485761,
                "_enableRange": false
            },
            "bulkAction": {
                "allow": false,
                "buttonText": "",
                "buttonIcon": "",
                "buttonClass": "btn btn-default btn-sm"
            },
            "dataSourceFilters": null,
            "defaultValue": null,
            "tooltip": null,
            "visibility": true,
            "htmlEscape": false,
            "orphanRemoval": null,
            "readable": true,
            "writeable": true,
            "identifier": null,
            "unique": false,
            "recommend": false,
            "skipSerialization": false,
            "displayName": "{{ actual_value }}",
            "descriptions": {
                "singular": "Actual Value"
            }
        },
        {
            "@type": "AttributeMetadata",
            "type": "string",
            "name": "expected_value",
            "length": null,
            "orderIndex": 6,
            "formType": "textarea",
            "dataSource": null,
            "searchable": true,
            "peerReplicable": true,
            "system": false,
            "encrypted": false,
            "gridColumn": false,
            "collection": false,
            "inversedField": null,
            "ownsRelationship": false,
            "validation": {
                "required": false,
                "minlength": 0,
                "maxlength": 10485761,
                "_enableRange": false
            },
            "bulkAction": {
                "allow": false,
                "buttonText": "",
                "buttonIcon": "",
                "buttonClass": "btn btn-default btn-sm"
            },
            "dataSourceFilters": null,
            "defaultValue": null,
            "tooltip": null,
            "visibility": true,
            "htmlEscape": false,
            "orphanRemoval": null,
            "readable": true,
            "writeable": true,
            "identifier": null,
            "unique": false,
            "recommend": false,
            "skipSerialization": false,
            "displayName": "{{ expected_value }}",
            "descriptions": {
                "singular": "Expected Value"
            }
        },
        {
            "@type": "AttributeMetadata",
            "type": "picklists",
            "name": "status",
            "length": null,
            "orderIndex": 7,
            "formType": "picklist",
            "dataSource": {
                "model": "picklists",
                "query": {
                    "logic": "AND",
                    "filters": [
                        {
                            "field": "listName__name",
                            "operator": "eq",
                            "value": "Finding Status"
                        }
                    ],
                    "sort": [
                        {
                            "field": "orderIndex",
                            "direction": "ASC"
                        }
                    ]
                }
            },
            "searchable": false,
            "peerReplicable": true,
            "system": false,
            "encrypted": false,
            "gridColumn": false,
            "collection": false,
            "inversedField": null,
            "ownsRelationship": false,
            "validation": {
                "required": false,
                "minlength": 0,
                "maxlength": 10485761,
                "_enableRange": false
            },
            "bulkAction": {
                "allow": false,
                "buttonText": "",
                "buttonIcon": "",
                "buttonClass": "btn btn-default btn-sm"
            },
            "dataSourceFilters": null,
            "defaultValue": null,
            "tooltip": null,
            "visibility": true,
            "htmlEscape": false,
            "orphanRemoval": null,
            "readable": true,
            "writeable": true,
            "identifier": null,
            "unique": false,
            "recommend": false,
            "skipSerialization": false,
            "displayName": "{{ status }}",
            "descriptions": {
                "singular": "Status"
            }
        },
        {
            "@type": "AttributeMetadata",
            "type": "picklists",
            "name": "severity",
            "length": null,
            "orderIndex": 8,
            "formType": "picklist",
            "dataSource": {
                "model": "picklists",
                "query": {
                    "logic": "AND",
                    "filters": [
                        {
                            "field": "listName__name",
                            "operator": "eq",
                            "value": "CIS Severity"
                        }
                    ],
                    "sort": [
                        {
                            "field": "orderIndex",
                            "direction": "ASC"
                        }
                    ]
                }
            },
            "searchable": false,
            "peerReplicable": true,
            "system": false,
            "encrypted": false,
            "gridColumn": false,
            "collection": false,
            "inversedField": null,
            "ownsRelationship": false,
            "validation": {
                "required": false,
                "minlength": 0,
                "maxlength": 10485761,
                "_enableRange": false
            },
            "bulkAction": {
                "allow": false,
                "buttonText": "",
                "buttonIcon": "",
                "buttonClass": "btn btn-default btn-sm"
            },
            "dataSourceFilters": null,
            "defaultValue": null,
            "tooltip": null,
            "visibility": true,
            "htmlEscape": false,
            "orphanRemoval": null,
            "readable": true,
            "writeable": true,
            "identifier": null,
            "unique": false,
            "recommend": false,
            "skipSerialization": false,
            "displayName": "{{ severity }}",
            "descriptions": {
                "singular": "Severity"
            }
        },
        {
            "@type": "AttributeMetadata",
            "type": "string",
            "name": "evidence",
            "length": null,
            "orderIndex": 9,
            "formType": "file",
            "dataSource": {
                "model": "files"
            },
            "searchable": true,
            "peerReplicable": true,
            "system": false,
            "encrypted": false,
            "gridColumn": false,
            "collection": false,
            "inversedField": null,
            "ownsRelationship": false,
            "validation": {
                "required": false,
                "minlength": 0,
                "maxlength": 10485761,
                "_enableRange": false
            },
            "bulkAction": {
                "allow": false,
                "buttonText": "",
                "buttonIcon": "",
                "buttonClass": "btn btn-default btn-sm"
            },
            "dataSourceFilters": null,
            "defaultValue": null,
            "tooltip": null,
            "visibility": true,
            "htmlEscape": false,
            "orphanRemoval": null,
            "readable": true,
            "writeable": true,
            "identifier": null,
            "unique": false,
            "recommend": false,
            "skipSerialization": false,
            "displayName": "{{ evidence }}",
            "descriptions": {
                "singular": "Evidence"
            }
        },
        {
            "@type": "AttributeMetadata",
            "type": "integer",
            "name": "created_date",
            "length": null,
            "orderIndex": 10,
            "formType": "datetime",
            "dataSource": null,
            "searchable": true,
            "peerReplicable": true,
            "system": false,
            "encrypted": false,
            "gridColumn": false,
            "collection": false,
            "inversedField": null,
            "ownsRelationship": false,
            "validation": {
                "required": false,
                "minlength": 0,
                "maxlength": 10485761,
                "_enableRange": false
            },
            "bulkAction": {
                "allow": false,
                "buttonText": "",
                "buttonIcon": "",
                "buttonClass": "btn btn-default btn-sm"
            },
            "dataSourceFilters": null,
            "defaultValue": null,
            "tooltip": null,
            "visibility": true,
            "htmlEscape": false,
            "orphanRemoval": null,
            "readable": true,
            "writeable": true,
            "identifier": null,
            "unique": false,
            "recommend": false,
            "skipSerialization": false,
            "displayName": "{{ created_date }}",
            "descriptions": {
                "singular": "Created Date"
            }
        },
        {
            "@type": "AttributeMetadata",
            "type": "tasks",
            "name": "remediation_task",
            "length": null,
            "orderIndex": 11,
            "formType": "lookup",
            "dataSource": {
                "model": "tasks"
            },
            "searchable": false,
            "peerReplicable": true,
            "system": false,
            "encrypted": false,
            "gridColumn": false,
            "collection": false,
            "inversedField": null,
            "ownsRelationship": false,
            "validation": {
                "required": false,
                "minlength": 0,
                "maxlength": 10485761,
                "_enableRange": false
            },
            "bulkAction": {
                "allow": false,
                "buttonText": "",
                "buttonIcon": "",
                "buttonClass": "btn btn-default btn-sm"
            },
            "dataSourceFilters": null,
            "defaultValue": null,
            "tooltip": null,
            "visibility": true,
            "htmlEscape": false,
            "orphanRemoval": null,
            "readable": true,
            "writeable": true,
            "identifier": null,
            "unique": false,
            "recommend": false,
            "skipSerialization": false,
            "displayName": "{{ remediation_task }}",
            "descriptions": {
                "singular": "Remediation Task"
            }
        },
        {
            "@type": "AttributeMetadata",
            "type": "string",
            "name": "comments",
            "length": null,
            "orderIndex": 12,
            "formType": "textarea",
            "dataSource": null,
            "searchable": true,
            "peerReplicable": true,
            "system": false,
            "encrypted": false,
            "gridColumn": false,
            "collection": false,
            "inversedField": null,
            "ownsRelationship": false,
            "validation": {
                "required": false,
                "minlength": 0,
                "maxlength": 10485761,
                "_enableRange": false
            },
            "bulkAction": {
                "allow": false,
                "buttonText": "",
                "buttonIcon": "",
                "buttonClass": "btn btn-default btn-sm"
            },
            "dataSourceFilters": null,
            "defaultValue": null,
            "tooltip": null,
            "visibility": true,
            "htmlEscape": false,
            "orphanRemoval": null,
            "readable": true,
            "writeable": true,
            "identifier": null,
            "unique": false,
            "recommend": false,
            "skipSerialization": false,
            "displayName": "{{ comments }}",
            "descriptions": {
                "singular": "Comments"
            }
        }
    ],
    "system": false,
    "module": "compliance_finding",
    "softDeleteable": false,
    "archivable": false,
    "paused": false,
    "partitionBy": "modifyDate",
    "archivalCriteria": {
        "keep_primary_data_for": 24,
        "delete_primary_data_after": 60
    },
    "archivalFilters": [],
    "replicationFilters": [],
    "enableReplication": true,
    "displayName": "{{finding_id}} - {{status}}",
    "descriptions": {
        "singular": "Compliance Finding",
        "plural": "Compliance Findings"
    }
}