{
    "@context": "/api/3/contexts/SystemViewTemplate",
    "@type": "SystemViewTemplate",
    "type": "rows",
    "config": {
        "rows": [
            {
                "columns": [
                    {
                        "widgets": [
                            {
                                "type": "primaryDetail",
                                "config": {
                                    "wid": "ee7c3fbf-aab9-4951-a186-02b3db4a9abb",
                                    "idField": "id",
                                    "picklistFieldReadOnly": false,
                                    "titleFieldReadOnly": true,
                                    "featuredRelationship": {
                                        "field": null,
                                        "preText": "",
                                        "query": null,
                                        "statusField": null,
                                        "sort": []
                                    },
                                    "titleField": "rule_id"
                                }
                            },
                            {
                                "type": "editableFormGroup",
                                "config": {
                                    "wid": "a9294c6a-7920-4b8c-ba64-81534e1ba9b5",
                                    "rows": [
                                        {
                                            "columns": [
                                                {
                                                    "fields": [
                                                        {
                                                            "name": "rule_id",
                                                            "highlightMode": true,
                                                            "readOnly": false,
                                                            "linky": true
                                                        },
                                                        {
                                                            "name": "benchmark",
                                                            "highlightMode": true,
                                                            "readOnly": false,
                                                            "linky": true
                                                        },
                                                        {
                                                            "name": "device_type",
                                                            "highlightMode": true,
                                                            "readOnly": false,
                                                            "linky": true
                                                        },
                                                        {
                                                            "name": "control_name",
                                                            "highlightMode": true,
                                                            "readOnly": false,
                                                            "linky": true
                                                        },
                                                        {
                                                            "name": "cis_level",
                                                            "highlightMode": true,
                                                            "readOnly": false,
                                                            "linky": true
                                                        },
                                                        {
                                                            "name": "description",
                                                            "highlightMode": true,
                                                            "readOnly": false,
                                                            "linky": true
                                                        },
                                                        {
                                                            "name": "expected_values",
                                                            "highlightMode": true,
                                                            "readOnly": false,
                                                            "linky": true
                                                        },
                                                        {
                                                            "name": "validation_logic",
                                                            "highlightMode": true,
                                                            "readOnly": false,
                                                            "linky": true
                                                        },
                                                        {
                                                            "name": "remediation_steps",
                                                            "highlightMode": true,
                                                            "readOnly": false,
                                                            "linky": true
                                                        },
                                                        {
                                                            "name": "severity",
                                                            "highlightMode": true,
                                                            "readOnly": false,
                                                            "linky": true
                                                        },
                                                        {
                                                            "name": "is_active",
                                                            "highlightMode": true,
                                                            "readOnly": false,
                                                            "linky": true
                                                        },
                                                        {
                                                            "name": "references_text",
                                                            "highlightMode": true,
                                                            "readOnly": false,
                                                            "linky": true
                                                        },
                                                        {
                                                            "name": "audit",
                                                            "highlightMode": true,
                                                            "readOnly": false,
                                                            "linky": true
                                                        },
                                                        {
                                                            "name": "rationale",
                                                            "highlightMode": true,
                                                            "readOnly": false,
                                                            "linky": true
                                                        },
                                                        {
                                                            "name": "impact",
                                                            "highlightMode": true,
                                                            "readOnly": false,
                                                            "linky": true
                                                        }
                                                    ],
                                                    "style": "col-lg-12"
                                                }
                                            ],
                                            "style": ""
                                        }
                                    ],
                                    "title": "Details"
                                }
                            }
                        ],
                        "style": "col-lg-9"
                    },
                    {
                        "widgets": [
                            {
                                "type": "editableFormGroup",
                                "config": {
                                    "wid": "2b491b15-15d6-4ac6-8391-ebd1361adf7a",
                                    "rows": [
                                        {
                                            "columns": [
                                                {
                                                    "fields": [
                                                        {
                                                            "name": "createDate",
                                                            "highlightMode": true,
                                                            "readOnly": false,
                                                            "linky": true
                                                        },
                                                        {
                                                            "name": "modifyDate",
                                                            "highlightMode": true,
                                                            "readOnly": false,
                                                            "linky": true
                                                        },
                                                        {
                                                            "name": "createUser",
                                                            "highlightMode": true,
                                                            "readOnly": false,
                                                            "linky": true
                                                        },
                                                        {
                                                            "name": "modifyUser",
                                                            "highlightMode": true,
                                                            "readOnly": false,
                                                            "linky": true
                                                        }
                                                    ],
                                                    "style": "col-lg-12"
                                                }
                                            ],
                                            "style": "display-inline-block"
                                        }
                                    ],
                                    "title": ""
                                }
                            }
                        ],
                        "style": "col-lg-3"
                    }
                ],
                "wid": "486cf8ba-d620-46e4-ad05-7595f007446b",
                "_collapsed": false,
                "collapsible": false,
                "collapsibleIndex": 0
            }
        ],
        "wid": "d0c88997-10e5-4996-8cb2-f0122242dfb0",
        "actionButtons": [],
        "metadata": []
    },
    "uuid": "modules-cis_benchmark_rule-detail"
}