{
    "@context": "/api/3/contexts/SystemViewTemplate",
    "@type": "SystemViewTemplate",
    "type": "form",
    "config": {
        "rows": [
            {
                "columns": [
                    {
                        "widgets": [
                            {
                                "type": "formGroup",
                                "config": {
                                    "wid": "ade755c0-667a-4c5b-9fed-c90dbb93d712",
                                    "rows": [
                                        {
                                            "columns": [
                                                {
                                                    "fields": [
                                                        {
                                                            "name": "rule_id",
                                                            "highlightMode": true,
                                                            "linky": true,
                                                            "readOnly": false
                                                        },
                                                        {
                                                            "name": "benchmark",
                                                            "highlightMode": true,
                                                            "linky": true,
                                                            "readOnly": false
                                                        },
                                                        {
                                                            "name": "device_type",
                                                            "highlightMode": true,
                                                            "linky": true,
                                                            "readOnly": false
                                                        },
                                                        {
                                                            "name": "control_name",
                                                            "highlightMode": true,
                                                            "linky": true,
                                                            "readOnly": false
                                                        },
                                                        {
                                                            "name": "cis_level",
                                                            "highlightMode": true,
                                                            "linky": true,
                                                            "readOnly": false
                                                        },
                                                        {
                                                            "name": "description",
                                                            "highlightMode": true,
                                                            "linky": true,
                                                            "readOnly": false
                                                        },
                                                        {
                                                            "name": "expected_values",
                                                            "highlightMode": true,
                                                            "linky": true,
                                                            "readOnly": false
                                                        },
                                                        {
                                                            "name": "validation_logic",
                                                            "highlightMode": true,
                                                            "linky": true,
                                                            "readOnly": false
                                                        },
                                                        {
                                                            "name": "remediation_steps",
                                                            "highlightMode": true,
                                                            "linky": true,
                                                            "readOnly": false
                                                        },
                                                        {
                                                            "name": "severity",
                                                            "highlightMode": true,
                                                            "linky": true,
                                                            "readOnly": false
                                                        },
                                                        {
                                                            "name": "is_active",
                                                            "highlightMode": true,
                                                            "linky": true,
                                                            "readOnly": false
                                                        },
                                                        {
                                                            "name": "references_text",
                                                            "highlightMode": true,
                                                            "linky": true,
                                                            "readOnly": false
                                                        },
                                                        {
                                                            "name": "audit",
                                                            "highlightMode": true,
                                                            "linky": true,
                                                            "readOnly": false
                                                        },
                                                        {
                                                            "name": "rationale",
                                                            "highlightMode": true,
                                                            "linky": true,
                                                            "readOnly": false
                                                        },
                                                        {
                                                            "name": "impact",
                                                            "highlightMode": true,
                                                            "linky": true,
                                                            "readOnly": false
                                                        }
                                                    ]
                                                }
                                            ]
                                        }
                                    ]
                                }
                            }
                        ]
                    }
                ],
                "wid": "91650bdb-7e1b-4ea4-805e-476e4f11b99d"
            }
        ],
        "wid": "cdea775e-a88a-4f40-91fa-168c61b07e68",
        "metadata": {
            "customTemplateTitle": "cis_benchmark_rule",
            "originalTemplateTitle": "cis_benchmark_rule"
        },
        "style": "col-lg-8 col-lg-offset-2 col-md-10 col-md-offset-1"
    },
    "uuid": "modules-cis_benchmark_rule-form"
}