{
    "@context": "/api/3/contexts/StagingModelMetadata",
    "@type": "StagingModelMetadata",
    "type": "compliance_assessment_run",
    "parentType": null,
    "tableName": "compliance_assessment_run",
    "ownable": false,
    "userOwnable": false,
    "queueable": false,
    "trackable": true,
    "taggable": true,
    "peerReplicable": true,
    "defaultSort": [],
    "uniqueConstraint": [
        {
            "compliance_assessment_run_unique": {
                "columns": [
                    "run_id"
                ]
            }
        }
    ],
    "indexable": true,
    "writable": true,
    "attributes": [
        {
            "@type": "AttributeMetadata",
            "type": "string",
            "name": "run_id",
            "length": null,
            "orderIndex": 1,
            "formType": "text",
            "dataSource": null,
            "searchable": true,
            "peerReplicable": true,
            "system": false,
            "encrypted": false,
            "gridColumn": false,
            "collection": false,
            "inversedField": null,
            "ownsRelationship": false,
            "validation": {
                "required": true,
                "minlength": 0,
                "maxlength": 10485761,
                "_enableRange": false
            },
            "bulkAction": {
                "allow": false,
                "buttonText": "",
                "buttonIcon": "",
                "buttonClass": "btn btn-default btn-sm"
            },
            "dataSourceFilters": null,
            "defaultValue": null,
            "tooltip": null,
            "visibility": true,
            "htmlEscape": false,
            "orphanRemoval": null,
            "readable": true,
            "writeable": true,
            "identifier": null,
            "unique": true,
            "recommend": false,
            "skipSerialization": false,
            "displayName": "{{ run_id }}",
            "descriptions": {
                "singular": "Run ID"
            }
        },
        {
            "@type": "AttributeMetadata",
            "type": "string",
            "name": "scope",
            "length": null,
            "orderIndex": 2,
            "formType": "textarea",
            "dataSource": null,
            "searchable": true,
            "peerReplicable": true,
            "system": false,
            "encrypted": false,
            "gridColumn": false,
            "collection": false,
            "inversedField": null,
            "ownsRelationship": false,
            "validation": {
                "required": false,
                "minlength": 0,
                "maxlength": 10485761,
                "_enableRange": false
            },
            "bulkAction": {
                "allow": false,
                "buttonText": "",
                "buttonIcon": "",
                "buttonClass": "btn btn-default btn-sm"
            },
            "dataSourceFilters": null,
            "defaultValue": null,
            "tooltip": null,
            "visibility": true,
            "htmlEscape": false,
            "orphanRemoval": null,
            "readable": true,
            "writeable": true,
            "identifier": null,
            "unique": false,
            "recommend": false,
            "skipSerialization": false,
            "displayName": "{{ scope }}",
            "descriptions": {
                "singular": "Scope"
            }
        },
        {
            "@type": "AttributeMetadata",
            "type": "scan_tool",
            "name": "tool_name",
            "length": null,
            "orderIndex": 3,
            "formType": "lookup",
            "dataSource": {
                "model": "scan_tool"
            },
            "searchable": false,
            "peerReplicable": true,
            "system": false,
            "encrypted": false,
            "gridColumn": false,
            "collection": false,
            "inversedField": null,
            "ownsRelationship": false,
            "validation": {
                "required": false,
                "minlength": 0,
                "maxlength": 10485761,
                "_enableRange": false
            },
            "bulkAction": {
                "allow": false,
                "buttonText": "",
                "buttonIcon": "",
                "buttonClass": "btn btn-default btn-sm"
            },
            "dataSourceFilters": null,
            "defaultValue": null,
            "tooltip": null,
            "visibility": true,
            "htmlEscape": false,
            "orphanRemoval": null,
            "readable": true,
            "writeable": true,
            "identifier": null,
            "unique": false,
            "recommend": false,
            "skipSerialization": false,
            "displayName": "{{ tool_name }}",
            "descriptions": {
                "singular": "Tool Name"
            }
        },
        {
            "@type": "AttributeMetadata",
            "type": "string",
            "name": "tool_name_display",
            "length": null,
            "orderIndex": 4,
            "formType": "text",
            "dataSource": null,
            "searchable": true,
            "peerReplicable": true,
            "system": false,
            "encrypted": false,
            "gridColumn": false,
            "collection": false,
            "inversedField": null,
            "ownsRelationship": false,
            "validation": {
                "required": false,
                "minlength": 0,
                "maxlength": 10485761,
                "_enableRange": false
            },
            "bulkAction": {
                "allow": false,
                "buttonText": "",
                "buttonIcon": "",
                "buttonClass": "btn btn-default btn-sm"
            },
            "dataSourceFilters": null,
            "defaultValue": null,
            "tooltip": null,
            "visibility": true,
            "htmlEscape": false,
            "orphanRemoval": null,
            "readable": true,
            "writeable": true,
            "identifier": null,
            "unique": false,
            "recommend": false,
            "skipSerialization": false,
            "displayName": "{{ tool_name_display }}",
            "descriptions": {
                "singular": "Tool Name (Display)"
            }
        },
        {
            "@type": "AttributeMetadata",
            "type": "picklists",
            "name": "status",
            "length": null,
            "orderIndex": 5,
            "formType": "picklist",
            "dataSource": {
                "model": "picklists",
                "query": {
                    "logic": "AND",
                    "filters": [
                        {
                            "field": "listName__name",
                            "operator": "eq",
                            "value": "Config Status"
                        }
                    ],
                    "sort": [
                        {
                            "field": "orderIndex",
                            "direction": "ASC"
                        }
                    ]
                }
            },
            "searchable": false,
            "peerReplicable": true,
            "system": false,
            "encrypted": false,
            "gridColumn": false,
            "collection": false,
            "inversedField": null,
            "ownsRelationship": false,
            "validation": {
                "required": false,
                "minlength": 0,
                "maxlength": 10485761,
                "_enableRange": false
            },
            "bulkAction": {
                "allow": false,
                "buttonText": "",
                "buttonIcon": "",
                "buttonClass": "btn btn-default btn-sm"
            },
            "dataSourceFilters": null,
            "defaultValue": null,
            "tooltip": null,
            "visibility": true,
            "htmlEscape": false,
            "orphanRemoval": null,
            "readable": true,
            "writeable": true,
            "identifier": null,
            "unique": false,
            "recommend": false,
            "skipSerialization": false,
            "displayName": "{{ status }}",
            "descriptions": {
                "singular": "Status"
            }
        },
        {
            "@type": "AttributeMetadata",
            "type": "integer",
            "name": "started_at",
            "length": null,
            "orderIndex": 6,
            "formType": "datetime",
            "dataSource": null,
            "searchable": true,
            "peerReplicable": true,
            "system": false,
            "encrypted": false,
            "gridColumn": false,
            "collection": false,
            "inversedField": null,
            "ownsRelationship": false,
            "validation": {
                "required": false,
                "minlength": 0,
                "maxlength": 10485761,
                "_enableRange": false
            },
            "bulkAction": {
                "allow": false,
                "buttonText": "",
                "buttonIcon": "",
                "buttonClass": "btn btn-default btn-sm"
            },
            "dataSourceFilters": null,
            "defaultValue": null,
            "tooltip": null,
            "visibility": true,
            "htmlEscape": false,
            "orphanRemoval": null,
            "readable": true,
            "writeable": true,
            "identifier": null,
            "unique": false,
            "recommend": false,
            "skipSerialization": false,
            "displayName": "{{ started_at }}",
            "descriptions": {
                "singular": "Started At"
            }
        },
        {
            "@type": "AttributeMetadata",
            "type": "integer",
            "name": "completed_at",
            "length": null,
            "orderIndex": 7,
            "formType": "datetime",
            "dataSource": null,
            "searchable": true,
            "peerReplicable": true,
            "system": false,
            "encrypted": false,
            "gridColumn": false,
            "collection": false,
            "inversedField": null,
            "ownsRelationship": false,
            "validation": {
                "required": false,
                "minlength": 0,
                "maxlength": 10485761,
                "_enableRange": false
            },
            "bulkAction": {
                "allow": false,
                "buttonText": "",
                "buttonIcon": "",
                "buttonClass": "btn btn-default btn-sm"
            },
            "dataSourceFilters": null,
            "defaultValue": null,
            "tooltip": null,
            "visibility": true,
            "htmlEscape": false,
            "orphanRemoval": null,
            "readable": true,
            "writeable": true,
            "identifier": null,
            "unique": false,
            "recommend": false,
            "skipSerialization": false,
            "displayName": "{{ completed_at }}",
            "descriptions": {
                "singular": "Completed At"
            }
        },
        {
            "@type": "AttributeMetadata",
            "type": "people",
            "name": "initiated_by",
            "length": null,
            "orderIndex": 8,
            "formType": "lookup",
            "dataSource": {
                "model": "people"
            },
            "searchable": false,
            "peerReplicable": true,
            "system": false,
            "encrypted": false,
            "gridColumn": false,
            "collection": false,
            "inversedField": null,
            "ownsRelationship": false,
            "validation": {
                "required": false,
                "minlength": 0,
                "maxlength": 10485761,
                "_enableRange": false
            },
            "bulkAction": {
                "allow": false,
                "buttonText": "",
                "buttonIcon": "",
                "buttonClass": "btn btn-default btn-sm"
            },
            "dataSourceFilters": null,
            "defaultValue": null,
            "tooltip": null,
            "visibility": true,
            "htmlEscape": false,
            "orphanRemoval": null,
            "readable": true,
            "writeable": true,
            "identifier": null,
            "unique": false,
            "recommend": false,
            "skipSerialization": false,
            "displayName": "{{ initiated_by }}",
            "descriptions": {
                "singular": "Initiated By"
            }
        },
        {
            "@type": "AttributeMetadata",
            "type": "string",
            "name": "notes",
            "length": null,
            "orderIndex": 9,
            "formType": "textarea",
            "dataSource": null,
            "searchable": true,
            "peerReplicable": true,
            "system": false,
            "encrypted": false,
            "gridColumn": false,
            "collection": false,
            "inversedField": null,
            "ownsRelationship": false,
            "validation": {
                "required": false,
                "minlength": 0,
                "maxlength": 10485761,
                "_enableRange": false
            },
            "bulkAction": {
                "allow": false,
                "buttonText": "",
                "buttonIcon": "",
                "buttonClass": "btn btn-default btn-sm"
            },
            "dataSourceFilters": null,
            "defaultValue": null,
            "tooltip": null,
            "visibility": true,
            "htmlEscape": false,
            "orphanRemoval": null,
            "readable": true,
            "writeable": true,
            "identifier": null,
            "unique": false,
            "recommend": false,
            "skipSerialization": false,
            "displayName": "{{ notes }}",
            "descriptions": {
                "singular": "Notes"
            }
        }
    ],
    "system": false,
    "module": "compliance_assessment_run",
    "softDeleteable": false,
    "archivable": false,
    "paused": false,
    "partitionBy": "modifyDate",
    "archivalCriteria": {
        "keep_primary_data_for": 24,
        "delete_primary_data_after": 60
    },
    "archivalFilters": [],
    "replicationFilters": [],
    "enableReplication": true,
    "displayName": "{{run_id}}",
    "descriptions": {
        "singular": "Compliance Assessment Run",
        "plural": "Compliance Assessment Runs"
    }
}