{
    "@context": "/api/3/contexts/SystemViewTemplate",
    "@type": "SystemViewTemplate",
    "type": "form",
    "config": {
        "rows": [
            {
                "columns": [
                    {
                        "widgets": [
                            {
                                "type": "formGroup",
                                "config": {
                                    "wid": "b56ea734-ef18-43e5-ae1a-01ae2dc4b4c8",
                                    "rows": [
                                        {
                                            "columns": [
                                                {
                                                    "fields": [
                                                        {
                                                            "name": "name",
                                                            "highlightMode": true,
                                                            "linky": true,
                                                            "readOnly": false
                                                        },
                                                        {
                                                            "name": "vendor",
                                                            "highlightMode": true,
                                                            "linky": true,
                                                            "readOnly": false
                                                        },
                                                        {
                                                            "name": "version",
                                                            "highlightMode": true,
                                                            "linky": true,
                                                            "readOnly": false
                                                        },
                                                        {
                                                            "name": "tool_type",
                                                            "highlightMode": true,
                                                            "linky": true,
                                                            "readOnly": false
                                                        },
                                                        {
                                                            "name": "configuration",
                                                            "highlightMode": true,
                                                            "linky": true,
                                                            "readOnly": false
                                                        },
                                                        {
                                                            "name": "is_active",
                                                            "highlightMode": true,
                                                            "linky": true,
                                                            "readOnly": false
                                                        },
                                                        {
                                                            "name": "notes",
                                                            "highlightMode": true,
                                                            "linky": true,
                                                            "readOnly": false
                                                        }
                                                    ]
                                                }
                                            ]
                                        }
                                    ]
                                }
                            }
                        ]
                    }
                ],
                "wid": "cb78db1a-6004-425d-86f2-84af73992fdd"
            }
        ],
        "wid": "ab80b08f-59f4-4427-a49f-11cfb0329790",
        "metadata": {
            "customTemplateTitle": "scan_tool",
            "originalTemplateTitle": "scan_tool"
        },
        "style": "col-lg-8 col-lg-offset-2 col-md-10 col-md-offset-1"
    },
    "uuid": "modules-scan_tool-form"
}