{
    "@context": "/api/3/contexts/SystemViewTemplate",
    "@type": "SystemViewTemplate",
    "type": "rows",
    "config": {
        "rows": [
            {
                "columns": [
                    {
                        "widgets": [
                            {
                                "type": "grid",
                                "config": {
                                    "wid": "356b807a-3f43-40e3-9cf9-de6cae75d1c2",
                                    "module": "scan_tool",
                                    "columns": [
                                        "id",
                                        "name",
                                        "vendor",
                                        "version",
                                        "tool_type",
                                        "configuration",
                                        "is_active",
                                        "notes",
                                        "createDate",
                                        "createUser",
                                        "recordTags"
                                    ],
                                    "expandableCol": [],
                                    "relationshipField": [],
                                    "checkboxStatus": true,
                                    "editableFields": true,
                                    "actionButtons": [],
                                    "query": {
                                        "sort": [],
                                        "limit": 30,
                                        "logic": "AND",
                                        "filters": []
                                    }
                                }
                            }
                        ],
                        "style": "col-lg-12"
                    }
                ],
                "wid": "21d73101-c850-4e82-9a6b-40e03b0bfd94",
                "_collapsed": false
            }
        ],
        "wid": "2bb54afd-d99c-473b-bffa-3e8688d7b975",
        "metadata": {
            "customTemplateTitle": "scan_tool",
            "originalTemplateTitle": "scan_tool"
        }
    },
    "uuid": "modules-scan_tool-list"
}