{
    "@context": "\/api\/3\/contexts\/SystemViewTemplate",
    "@type": "SystemViewTemplate",
    "type": "app",
    "config": {
        "navigation": [
            {
                "editMode": false,
                "icon": "icon icon-dashboard",
                "mergeType": "merge",
                "require": {
                    "action": "read",
                    "module": "dashboard"
                },
                "state": {
                    "name": "main.dashboard",
                    "parameters": []
                },
                "title": "Dashboard"
            },
            {
                "editMode": false,
                "icon": "icon icon-queue-members",
                "mergeType": "merge",
                "require": {
                    "action": "read",
                    "module": "fsr_queues"
                },
                "state": {
                    "name": "main.assignment_automation_entry"
                },
                "title": "Queue & Shift Management"
            },
            {
                "editMode": false,
                "icon": "icon icon-incident-response",
                "items": [
                    {
                        "editMode": false,
                        "icon": "icon icon-alert",
                        "require": {
                            "action": "read",
                            "module": "alerts"
                        },
                        "state": {
                            "name": "main.modules.list",
                            "parameters": {
                                "module": "alerts"
                            }
                        },
                        "title": "Alerts"
                    },
                    {
                        "editMode": false,
                        "icon": "icon icon-incidents",
                        "require": {
                            "action": "read",
                            "module": "incidents"
                        },
                        "state": {
                            "name": "main.modules.list",
                            "parameters": {
                                "module": "incidents"
                            }
                        },
                        "title": "Incidents"
                    },
                    {
                        "editMode": false,
                        "icon": "icon icon-tasks",
                        "require": {
                            "action": "read",
                            "module": "tasks"
                        },
                        "state": {
                            "name": "main.modules.list",
                            "parameters": {
                                "module": "tasks"
                            }
                        },
                        "title": "Tasks"
                    },
                    {
                        "editMode": false,
                        "icon": "icon icon-indicators",
                        "require": {
                            "action": "read",
                            "module": "indicators"
                        },
                        "state": {
                            "name": "main.modules.list",
                            "parameters": {
                                "module": "indicators"
                            }
                        },
                        "title": "Indicators"
                    },
                    {
                        "editMode": false,
                        "icon": "fa fa-money",
                        "require": {
                            "action": "read",
                            "module": "campaigns"
                        },
                        "state": {
                            "name": "main.modules.list",
                            "parameters": {
                                "module": "campaigns"
                            }
                        },
                        "title": "Campaigns"
                    },
                    {
                        "editMode": false,
                        "icon": "icon icon-email-templates",
                        "require": {
                            "action": "read",
                            "module": "communication"
                        },
                        "state": {
                            "name": "main.modules.list",
                            "parameters": {
                                "module": "communication"
                            }
                        },
                        "title": "Communications"
                    },
                    {
                        "editMode": false,
                        "icon": "icon icon-war-room",
                        "require": {
                            "action": "read",
                            "module": "warrooms"
                        },
                        "state": {
                            "name": "main.modules.list",
                            "parameters": {
                                "module": "warrooms"
                            }
                        },
                        "title": "War Rooms"
                    },
                    {
                        "editMode": false,
                        "icon": "fa fa-space-shuttle",
                        "require": {
                            "action": "read",
                            "module": "hunt"
                        },
                        "state": {
                            "name": "main.modules.list",
                            "parameters": {
                                "module": "hunt"
                            }
                        },
                        "title": "Hunts"
                    }
                ],
                "mergeType": "merge",
                "title": "Incident Response"
            },
            {
                "editMode": false,
                "icon": "icon icon-automation",
                "items": [
                    {
                        "editMode": false,
                        "icon": "icon icon-playbooks",
                        "require": {
                            "action": "read",
                            "module": "workflows"
                        },
                        "state": {
                            "name": "main.workflow"
                        },
                        "title": "Playbooks"
                    },
                    {
                        "editMode": false,
                        "icon": "icon icon-connectors",
                        "require": {
                            "action": "read",
                            "module": "connectors"
                        },
                        "state": {
                            "name": "main.connectors"
                        },
                        "title": "Connectors"
                    },
                    {
                        "editMode": false,
                        "icon": "icon icon-updates",
                        "require": {
                            "action": "read",
                            "module": "connectors"
                        },
                        "state": {
                            "name": "main.dataIngestion"
                        },
                        "title": "Data Ingestion"
                    },
                    {
                        "editMode": false,
                        "icon": "icon icon-schedules",
                        "require": {
                            "action": "read",
                            "module": "schedules"
                        },
                        "state": {
                            "name": "main.schedules"
                        },
                        "title": "Schedules"
                    },
                    {
                        "editMode": false,
                        "icon": "fa fa-clock-o",
                        "require": {
                            "action": "read",
                            "module": "sla_template"
                        },
                        "state": {
                            "name": "main.modules.list",
                            "parameters": {
                                "module": "sla_template"
                            }
                        },
                        "title": "SLA Templates"
                    }
                ],
                "mergeType": "merge",
                "title": "Automation"
            },
            {
                "editMode": false,
                "icon": "icon icon-resources",
                "items": [
                    {
                        "editMode": false,
                        "icon": "icon icon-attachments",
                        "require": {
                            "action": "read",
                            "module": "attachments"
                        },
                        "state": {
                            "name": "main.modules.list",
                            "parameters": {
                                "module": "attachments"
                            }
                        },
                        "title": "Attachments"
                    },
                    {
                        "editMode": false,
                        "icon": "icon icon-email-templates",
                        "require": {
                            "action": "read",
                            "module": "email_templates"
                        },
                        "state": {
                            "name": "main.modules.list",
                            "parameters": {
                                "module": "email_templates"
                            }
                        },
                        "title": "Email Templates"
                    },
                    {
                        "editMode": false,
                        "icon": "fa fa-key",
                        "require": {
                            "action": "read",
                            "module": "keys"
                        },
                        "state": {
                            "name": "main.modules.list",
                            "parameters": {
                                "module": "keys"
                            }
                        },
                        "title": "Key Store"
                    },
                    {
                        "editMode": false,
                        "icon": "icon icon-assets",
                        "require": {
                            "action": "read",
                            "module": "assets"
                        },
                        "state": {
                            "name": "main.modules.list",
                            "parameters": {
                                "module": "assets"
                            }
                        },
                        "title": "Assets"
                    },
                    {
                        "editMode": false,
                        "icon": "fa fa-sitemap",
                        "require": {
                            "action": "read",
                            "module": "dockers"
                        },
                        "state": {
                            "name": "main.modules.list",
                            "parameters": {
                                "module": "dockers"
                            }
                        },
                        "title": "Dockers"
                    },
                    {
                        "editMode": false,
                        "icon": "icon icon-single-line-item",
                        "require": {
                            "action": "read",
                            "module": "policies"
                        },
                        "state": {
                            "name": "main.modules.list",
                            "parameters": {
                                "module": "policies"
                            }
                        },
                        "title": "Policies"
                    },
                    {
                        "editMode": false,
                        "icon": "icon icon-insert-edit-image",
                        "require": {
                            "action": "read",
                            "module": "asset_resources"
                        },
                        "state": {
                            "name": "main.modules.list",
                            "parameters": {
                                "module": "asset_resources"
                            }
                        },
                        "title": "Asset Resources"
                    },
                    {
                        "editMode": false,
                        "icon": "icon icon-change-severity",
                        "require": {
                            "action": "read",
                            "module": "asset_change_activities"
                        },
                        "state": {
                            "name": "main.modules.list",
                            "parameters": {
                                "module": "asset_change_activities"
                            }
                        },
                        "title": "Asset Change Activities"
                    },
                    {
                        "editMode": false,
                        "icon": "fa fa-user",
                        "require": {
                            "action": "read",
                            "module": "f_s_r_users"
                        },
                        "state": {
                            "name": "main.modules.list",
                            "parameters": {
                                "module": "f_s_r_users"
                            }
                        },
                        "title": "FSR Users"
                    }
                ],
                "mergeType": "merge",
                "title": "Resources"
            },
            {
                "editMode": false,
                "icon": "icon icon-reports",
                "mergeType": "merge",
                "require": {
                    "action": "read",
                    "module": "reporting"
                },
                "state": {
                    "name": "main.reporting",
                    "parameters": []
                },
                "title": "Reports"
            },
            {
                "editMode": false,
                "icon": "icon icon-widget",
                "mergeType": "merge",
                "require": {
                    "action": "read",
                    "module": "widgets"
                },
                "state": {
                    "name": "main.widgets",
                    "parameters": []
                },
                "title": "Widget Library"
            },
            {
                "editMode": false,
                "icon": "icon icon-content-hub",
                "mergeType": "merge",
                "require": {
                    "action": "read",
                    "module": "contentHub"
                },
                "state": {
                    "name": "main.marketplace"
                },
                "title": "Content Hub"
            },
            {
                "editMode": false,
                "icon": "icon icon-vulnerability-management",
                "isEnabled": false,
                "items": [
                    {
                        "editMode": false,
                        "icon": "icon icon-scans",
                        "isEnabled": false,
                        "open": false,
                        "openStatus": false,
                        "require": {
                            "action": "read",
                            "module": "scans"
                        },
                        "state": {
                            "name": "main.modules.list",
                            "parameters": {
                                "module": "scans"
                            }
                        },
                        "title": "Scans"
                    },
                    {
                        "editMode": false,
                        "icon": "icon icon-vulnerability",
                        "isEnabled": false,
                        "open": false,
                        "openStatus": false,
                        "require": {
                            "action": "read",
                            "module": "vulnerabilities"
                        },
                        "state": {
                            "name": "main.modules.list",
                            "parameters": {
                                "module": "vulnerabilities"
                            }
                        },
                        "title": "Vulnerabilities"
                    },
                    {
                        "editMode": false,
                        "icon": "icon icon-vulnerability-management",
                        "require": {
                            "action": "read",
                            "module": "c_v_es"
                        },
                        "state": {
                            "name": "main.modules.list",
                            "parameters": {
                                "module": "c_v_es"
                            }
                        },
                        "title": "CVEs"
                    }
                ],
                "mergeType": "merge",
                "open": false,
                "openStatus": false,
                "title": "Vulnerability Management"
            },
            {
                "editMode": false,
                "icon": "fa fa-industry",
                "items": [
                    {
                        "editMode": false,
                        "icon": "icon icon-security-analytics",
                        "require": {
                            "action": "read",
                            "module": "i_c_s_advisories"
                        },
                        "state": {
                            "name": "main.modules.list",
                            "parameters": {
                                "module": "i_c_s_advisories"
                            }
                        },
                        "title": "ICS Advisories"
                    },
                    {
                        "editMode": false,
                        "icon": "icon icon-installing-lodder-static",
                        "require": {
                            "action": "read",
                            "module": "k_e_v_alerts"
                        },
                        "state": {
                            "name": "main.modules.list",
                            "parameters": {
                                "module": "k_e_v_alerts"
                            }
                        },
                        "title": "KEV Alerts"
                    }
                ],
                "mergeType": "merge",
                "title": "OT Vulnerability Management"
            },
            {
                "editMode": false,
                "exists": false,
                "icon": "icon icon-threat-intel-management",
                "include": true,
                "items": [
                    {
                        "editMode": false,
                        "icon": "icon icon-dashboard",
                        "state": {
                            "name": "main.section_dashboard",
                            "parameters": {
                                "module": "b705f8f9-aa9d-4c4b-a28d-d84388109af9"
                            }
                        },
                        "title": "Dashboard"
                    },
                    {
                        "editMode": false,
                        "icon": "icon icon-FGS_IOC_search-2",
                        "state": {
                            "name": "main.section_dashboard",
                            "parameters": {
                                "module": "47823c59-b0f5-49b8-b507-703b97e803c8"
                            }
                        },
                        "title": "Threat Intel Search"
                    },
                    {
                        "editMode": false,
                        "icon": "icon icon-threat-intelligence",
                        "require": {
                            "action": "read",
                            "module": "threat_intel_feeds"
                        },
                        "state": {
                            "name": "main.modules.list",
                            "parameters": {
                                "module": "threat_intel_feeds"
                            }
                        },
                        "title": "Intelligence"
                    },
                    {
                        "editMode": false,
                        "icon": "icon icon-mitre-attack",
                        "require": {
                            "action": "read",
                            "module": "mitre_groups"
                        },
                        "state": {
                            "name": "main.modules.list",
                            "parameters": {
                                "module": "mitre_groups"
                            }
                        },
                        "title": "MITRE ATT&CK"
                    },
                    {
                        "editMode": false,
                        "icon": "fa fa-space-shuttle",
                        "require": {
                            "action": "read",
                            "module": "hunt"
                        },
                        "state": {
                            "name": "main.modules.list",
                            "parameters": {
                                "module": "hunt"
                            }
                        },
                        "title": "Hunts"
                    }
                ],
                "mergeType": "merge",
                "title": "Threat Intel Management"
            },
            {
                "editMode": false,
                "icon": "icon icon-outbreak",
                "items": [
                    {
                        "editMode": false,
                        "icon": "icon icon-dashboard",
                        "state": {
                            "name": "main.section_dashboard",
                            "parameters": {
                                "module": "5ef85009-6f6b-419b-843c-b8a216f82f8f"
                            }
                        },
                        "title": "Dashboard"
                    },
                    {
                        "editMode": false,
                        "icon": "icon icon-vulnerability",
                        "require": {
                            "action": "read",
                            "module": "outbreak_alerts"
                        },
                        "state": {
                            "name": "main.modules.list",
                            "parameters": {
                                "module": "outbreak_alerts"
                            }
                        },
                        "title": "Outbreak Alerts"
                    }
                ],
                "mergeType": "merge",
                "title": "Outbreak Management"
            },
            {
                "editMode": false,
                "icon": "fa fa-play",
                "isEnabled": false,
                "mergeType": "merge",
                "open": false,
                "openStatus": false,
                "require": {
                    "action": "read",
                    "module": "scenario"
                },
                "state": {
                    "name": "main.modules.list",
                    "parameters": {
                        "module": "scenario"
                    }
                },
                "title": "Simulations"
            },
            {
                "editMode": false,
                "icon": "fa fa-envelope-o",
                "items": [
                    {
                        "editMode": false,
                        "icon": "fa fa-glass",
                        "require": {
                            "action": "read",
                            "module": "joses"
                        },
                        "state": {
                            "name": "main.modules.list",
                            "parameters": {
                                "module": "joses"
                            }
                        },
                        "title": "Jose"
                    },
                    {
                        "editMode": false,
                        "icon": "fa fa-heart",
                        "require": {
                            "action": "read",
                            "module": "qo_ds"
                        },
                        "state": {
                            "name": "main.modules.list",
                            "parameters": {
                                "module": "qo_ds"
                            }
                        },
                        "title": "Orli"
                    }
                ],
                "title": "Annoye SomeOne"
            },
            {
                "editMode": false,
                "icon": "icon icon-report",
                "items": [
                    {
                        "editMode": false,
                        "icon": "icon icon-table",
                        "require": {
                            "action": "read",
                            "module": "cis_benchmark"
                        },
                        "state": {
                            "name": "main.modules.list",
                            "parameters": {
                                "module": "cis_benchmark"
                            }
                        },
                        "title": "CIS Benchmarks"
                    },
                    {
                        "editMode": false,
                        "icon": "icon icon-table",
                        "require": {
                            "action": "read",
                            "module": "cis_benchmark_rule"
                        },
                        "state": {
                            "name": "main.modules.list",
                            "parameters": {
                                "module": "cis_benchmark_rule"
                            }
                        },
                        "title": "CIS Benchmark Rules"
                    },
                    {
                        "editMode": false,
                        "icon": "icon icon-table",
                        "require": {
                            "action": "read",
                            "module": "cis_rule"
                        },
                        "state": {
                            "name": "main.modules.list",
                            "parameters": {
                                "module": "cis_rule"
                            }
                        },
                        "title": "CIS Rules (Legacy)"
                    },
                    {
                        "editMode": false,
                        "icon": "icon icon-table",
                        "require": {
                            "action": "read",
                            "module": "cis_compliance_result"
                        },
                        "state": {
                            "name": "main.modules.list",
                            "parameters": {
                                "module": "cis_compliance_result"
                            }
                        },
                        "title": "CIS Compliance Results (Legacy)"
                    },
                    {
                        "editMode": false,
                        "icon": "icon icon-table",
                        "require": {
                            "action": "read",
                            "module": "compliance_assessment_run"
                        },
                        "state": {
                            "name": "main.modules.list",
                            "parameters": {
                                "module": "compliance_assessment_run"
                            }
                        },
                        "title": "Compliance Assessment Runs"
                    },
                    {
                        "editMode": false,
                        "icon": "icon icon-table",
                        "require": {
                            "action": "read",
                            "module": "compliance_requirement"
                        },
                        "state": {
                            "name": "main.modules.list",
                            "parameters": {
                                "module": "compliance_requirement"
                            }
                        },
                        "title": "Compliance Requirements"
                    },
                    {
                        "editMode": false,
                        "icon": "icon icon-table",
                        "require": {
                            "action": "read",
                            "module": "compliance_finding"
                        },
                        "state": {
                            "name": "main.modules.list",
                            "parameters": {
                                "module": "compliance_finding"
                            }
                        },
                        "title": "Compliance Findings"
                    },
                    {
                        "editMode": false,
                        "icon": "icon icon-table",
                        "require": {
                            "action": "read",
                            "module": "compliance_report"
                        },
                        "state": {
                            "name": "main.modules.list",
                            "parameters": {
                                "module": "compliance_report"
                            }
                        },
                        "title": "Compliance Reports"
                    },
                    {
                        "editMode": false,
                        "icon": "icon icon-table",
                        "require": {
                            "action": "read",
                            "module": "configuration"
                        },
                        "state": {
                            "name": "main.modules.list",
                            "parameters": {
                                "module": "configuration"
                            }
                        },
                        "title": "Configurations"
                    }
                ],
                "title": "CIS Benchmark"
            },
            {
                "editMode": false,
                "icon": "icon icon-help",
                "mergeType": "merge",
                "openInNewTab": true,
                "state": {
                    "name": "main.pages",
                    "parameters": {
                        "module": "help"
                    }
                },
                "title": "Help",
                "url": "https:\/\/docs.fortinet.com\/product\/fortisoar"
            },
            {
                "editMode": false,
                "icon": "icon icon-users",
                "mergeType": "merge",
                "openInNewTab": true,
                "state": {
                    "name": "main.pages",
                    "parameters": {
                        "module": "user-community"
                    }
                },
                "title": "User Community",
                "url": "https:\/\/fortisoar.fortinet.com"
            }
        ]
    },
    "module": "app",
    "filters": [],
    "isDefault": true,
    "visible": true,
    "viewOptions": "detail",
    "name": "Base Template",
    "system": true,
    "uuid": "navigation",
    "newUuid": "d9aa6772-62c3-4f5f-a945-031780202225"
}